,Returns_MSFT,Returns_AAPL,inflation,inflation_rate
Returns_MSFT,1.0,0.5871220128380505,-0.06668392980873118,-0.07017581648356858
Returns_AAPL,0.5871220128380505,1.0,-0.0832662045888369,-0.07469865304419436
inflation,-0.06668392980873118,-0.0832662045888369,1.0,0.053695139057237086
inflation_rate,-0.07017581648356858,-0.07469865304419436,0.053695139057237086,1.0
